<ImportExportXml version="9.2.23111.246" SolutionPackageVersion="9.2" languagecode="1033" generatedBy="CrmLive" xmlns:xsi="http://www.w3.org/2001/XMLSchema-instance">
  <SolutionManifest>
    <UniqueName>FitnessTracker</UniqueName>
    <LocalizedNames>
      <LocalizedName description="Fitness Tracker" languagecode="1033" />
    </LocalizedNames>
    <Descriptions />
    <Version>1.0.0.1</Version>
    <Managed>0</Managed>
    <Publisher>
      <UniqueName>harditbhatia</UniqueName>
      <LocalizedNames>
        <LocalizedName description="Hardit Bhatia" languagecode="1033" />
      </LocalizedNames>
      <Descriptions />
      <EMailAddress xsi:nil="true"></EMailAddress>
      <SupportingWebsiteUrl xsi:nil="true"></SupportingWebsiteUrl>
      <CustomizationPrefix>hbh</CustomizationPrefix>
      <CustomizationOptionValuePrefix>86168</CustomizationOptionValuePrefix>
      <Addresses>
        <Address>
          <AddressNumber>1</AddressNumber>
          <AddressTypeCode>1</AddressTypeCode>
          <City xsi:nil="true"></City>
          <County xsi:nil="true"></County>
          <Country xsi:nil="true"></Country>
          <Fax xsi:nil="true"></Fax>
          <FreightTermsCode xsi:nil="true"></FreightTermsCode>
          <ImportSequenceNumber xsi:nil="true"></ImportSequenceNumber>
          <Latitude xsi:nil="true"></Latitude>
          <Line1 xsi:nil="true"></Line1>
          <Line2 xsi:nil="true"></Line2>
          <Line3 xsi:nil="true"></Line3>
          <Longitude xsi:nil="true"></Longitude>
          <Name xsi:nil="true"></Name>
          <PostalCode xsi:nil="true"></PostalCode>
          <PostOfficeBox xsi:nil="true"></PostOfficeBox>
          <PrimaryContactName xsi:nil="true"></PrimaryContactName>
          <ShippingMethodCode>1</ShippingMethodCode>
          <StateOrProvince xsi:nil="true"></StateOrProvince>
          <Telephone1 xsi:nil="true"></Telephone1>
          <Telephone2 xsi:nil="true"></Telephone2>
          <Telephone3 xsi:nil="true"></Telephone3>
          <TimeZoneRuleVersionNumber xsi:nil="true"></TimeZoneRuleVersionNumber>
          <UPSZone xsi:nil="true"></UPSZone>
          <UTCOffset xsi:nil="true"></UTCOffset>
          <UTCConversionTimeZoneCode xsi:nil="true"></UTCConversionTimeZoneCode>
        </Address>
        <Address>
          <AddressNumber>2</AddressNumber>
          <AddressTypeCode>1</AddressTypeCode>
          <City xsi:nil="true"></City>
          <County xsi:nil="true"></County>
          <Country xsi:nil="true"></Country>
          <Fax xsi:nil="true"></Fax>
          <FreightTermsCode xsi:nil="true"></FreightTermsCode>
          <ImportSequenceNumber xsi:nil="true"></ImportSequenceNumber>
          <Latitude xsi:nil="true"></Latitude>
          <Line1 xsi:nil="true"></Line1>
          <Line2 xsi:nil="true"></Line2>
          <Line3 xsi:nil="true"></Line3>
          <Longitude xsi:nil="true"></Longitude>
          <Name xsi:nil="true"></Name>
          <PostalCode xsi:nil="true"></PostalCode>
          <PostOfficeBox xsi:nil="true"></PostOfficeBox>
          <PrimaryContactName xsi:nil="true"></PrimaryContactName>
          <ShippingMethodCode>1</ShippingMethodCode>
          <StateOrProvince xsi:nil="true"></StateOrProvince>
          <Telephone1 xsi:nil="true"></Telephone1>
          <Telephone2 xsi:nil="true"></Telephone2>
          <Telephone3 xsi:nil="true"></Telephone3>
          <TimeZoneRuleVersionNumber xsi:nil="true"></TimeZoneRuleVersionNumber>
          <UPSZone xsi:nil="true"></UPSZone>
          <UTCOffset xsi:nil="true"></UTCOffset>
          <UTCConversionTimeZoneCode xsi:nil="true"></UTCConversionTimeZoneCode>
        </Address>
      </Addresses>
    </Publisher>
    <RootComponents>
      <RootComponent type="1" schemaName="hbh_dailylog" behavior="0" />
      <RootComponent type="1" schemaName="hbh_exercise" behavior="0" />
      <RootComponent type="1" schemaName="hbh_schedule" behavior="0" />
      <RootComponent type="1" schemaName="hbh_usersetting" behavior="0" />
      <RootComponent type="1" schemaName="hbh_weightlog" behavior="0" />
      <RootComponent type="1" schemaName="systemuser" behavior="1" />
      <RootComponent type="9" schemaName="hbh_daysofweek" behavior="0" />
      <RootComponent type="9" schemaName="hbh_exercisetypes" behavior="0" />
      <RootComponent type="9" schemaName="hbh_timeofmeasurement" behavior="0" />
      <RootComponent type="9" schemaName="hbh_weighingmachines" behavior="0" />
      <RootComponent type="61" schemaName="hbh_DailyLog" behavior="0" />
      <RootComponent type="61" schemaName="hbh_Exercises" behavior="0" />
      <RootComponent type="61" schemaName="hbh_Schedules" behavior="0" />
      <RootComponent type="61" schemaName="hbh_UserPreference" behavior="0" />
      <RootComponent type="61" schemaName="hbh_WeightLog" behavior="0" />
      <RootComponent type="62" schemaName="hbh_FitnessTrackerMDA" behavior="0" />
      <RootComponent type="80" schemaName="hbh_FitnessTrackerMDA" behavior="0" />
      <RootComponent type="300" schemaName="hbh_fitnesstracker_fe745" behavior="0" />
      <RootComponent type="431" schemaName="hbh_weightlog hbh_picture" behavior="0" />
      <RootComponent type="432" schemaName="hbh_weightlog" behavior="0" />
    </RootComponents>
    <MissingDependencies>
      <MissingDependency>
        <Required type="1" schemaName="msdyn_aimodel" displayName="AI Model" solution="msdyn_AISolution (202311.1.13.2)">
          <package>msdyn_AISolutionAnchor (202311.1.13.2)</package>
        </Required>
        <Dependent type="300" schemaName="hbh_fitnesstracker_fe745" displayName="Fitness Tracker" />
      </MissingDependency>
      <MissingDependency>
        <Required type="61" schemaName="msdyn_/Images/AppModule_Default_Icon.png" displayName="msdyn_/Images/AppModule_Default_Icon.png" solution="AppModuleWebResources (2.5)" />
        <Dependent type="80" schemaName="hbh_FitnessTrackerMDA" displayName="Fitness Tracker MDA" />
      </MissingDependency>
    </MissingDependencies>
  </SolutionManifest>
</ImportExportXml>