{"__Version":"0.1","App":"f8a2ccf6-f294-4e6a-836d-e28171fdc47d","Test_7F478737223C4B69":"ec9426a1-a686-4196-afa4-3e392d35356e","Host":"6483ee1c-3263-4a8a-a4be-996a488ba3fd","Tracking Screen":"096ea692-6eb4-4bf8-9411-c53cb00aa71f","conHeader_Tracking":"4c173b47-df6c-4113-ab23-123f0540e5cd","lblFitnessTracker":"a506da99-0331-44b5-b223-ce6775923987","shpSettings_Tracking":"bda816f0-454f-4c28-880a-fca803ddfc2c","shpHeaderDivider_Trakcing":"9f282225-dcdc-4e81-8fa3-d90b8b6dd664","conExercises":"5a2d7737-69f3-4239-ba68-aa736ce6cfb2","shpDetailsDivider":"8376f792-9660-43d8-b64b-f5a605634f8b","datLogDate":"91f9c467-c6b0-4667-bc7c-fb48012a6ff7","drpDayOfWeek":"360f19f6-58cc-4b04-974e-aa884d89417f","galExercises_Tracking":"a3c6233b-771f-4958-a707-3f5e0f6fd6dc","galleryTemplate1":"d014289f-37a4-4c2f-815e-04631b385e0f","btnExerciseBackground_Tracking":"0d76995e-5b90-4a98-9e0e-ee3b257ace92","btnExerciseForeground_Tracking":"c035840e-ce1e-43ec-b1fc-8beb13a801aa","lblExerciseName_Tracking":"78a805e7-de67-4d32-9c55-debd8aa23b7f","icnExerciseSelect_Tracking":"2eee1a63-2fb2-424d-ac89-0b443748a7dc","shpExerciseDivider_Tracking":"bde8eabe-57e6-4987-9564-767d188adb81","btnViewDailyLogHistory":"c4869769-71d1-4a27-8549-4eb0b484fc5d","conDetails_Tracking":"3c3d9c45-4c0e-4431-bce9-f3d37f91e0c7","cnvDetails_Tracking":"7a64d15a-accb-4c2a-973f-c73e2febac17","dtcDetails_Tracking":"01844474-a2aa-455d-b1a9-c122f9205456","lblSelectedExercise":"f56d7313-295a-4389-ae53-086df4e4cdb0","btnMobileBackToExercises":"b90373b1-1b05-4094-b032-7b93875caeb3","btnCancelLogEntry":"9b026c5c-1e7c-464f-9de2-be2edeee7ae2","btnSaveLogEntry":"b391c6fc-556e-46ba-9e3c-03ec1fead242","tglShowExerciseVideo":"8a5f384b-e851-419a-9e79-1c09bb7335db","icnMobileBackToExercises":"6fcd2d99-ee6f-4eae-bf8e-70fe20c04a2e","lblSets":"a71f0999-df57-4572-8551-2d1d8b5a3660","lblCalories":"6afc743e-7edc-45e2-b47d-7b5d8b34ffbb","lblReps":"96c3b351-97c0-4956-9918-83d3a95f8500","lblDuration":"8935f446-2e67-45ef-868d-247819f73919","vidSelectedExercise":"e7d0cf69-6dd6-4ae8-af0e-5ed133a047c0","txtSets":"f4e449bd-4cc2-4614-8a01-baf7ab8635f2","txtCalories":"d887ac7b-267a-4157-af24-e189150c510a","txtReps":"64c44274-47d9-4801-b217-c539f94c1bb2","txtDuration":"07f6bd89-46d3-4e42-a5aa-3b1a8872bf12","lblNotes":"a02b4f8d-3ac4-463b-b4c8-3237770b36f4","txtNotes":"03aee222-7148-41fc-8a81-e6811631d740","Hidden Copilot Screen":"42aeeef5-7b9d-4e0d-8c6a-554451becdd8","Copilot1":"9160da85-fd1c-4b3f-869b-381d8fe2d77a","Day of Week1":"aa232192-6d88-4561-b659-0444206cd7d8","Order2":"dbb9e159-c084-4417-b5bc-18676fe164a2","Created On1":"d2659654-ac19-4f4c-93d9-a4af6f90275f","Copilot2":"8b132cb4-9c50-4c90-a2d4-fd18cf12c18f","Name2":"cf95e435-7247-4a57-98a8-7faf4e50d8a1","Date2":"dd3c460f-75ed-4cba-8a07-6edd2ac59e63","Machine1":"7fd6e049-e920-44b8-8eec-66190285b125","Time of Measurement1":"22b21baa-ee18-482b-b84d-509fce18e2a7","Weight2":"fdf74f49-fd1a-49e5-afe5-90d1b191d732","Hidden Controls Screen":"f8fcd3b5-f522-43c6-a1c3-ac5ff660ad1a","conHiddenControls":"0437c7b5-331f-467a-bd03-c4f6b75626e2","lblBackground":"a1963848-f251-4371-a686-3d78e639036a","btnPrimary":"9fc2bd94-c0ee-43ab-ae0e-657c1e07aa1f","txtTextInput":"729a10ed-1425-4572-9f5a-37479582bc98","cmbCombo":"8d129cb9-e752-4c0a-979f-045810c411c1","btnSecondary":"62861838-7b83-4535-96e0-31cb992b257c","htmHTML":"78ce0ab0-3c1a-4203-81ed-bb8d7b5e1bb3","lblSmall":"2f8653d1-2b64-4087-87da-75ea81e5f669","lblMedium":"e9993bec-111d-484b-a5c2-58c8c1d63260","btnTransparent":"cbaff502-ebae-46e2-9110-c486d5eaa0a8","lblLarge":"5bacd0bd-0375-4dc1-8ad3-d639e89db90a","chkCheckbox":"0573b6b2-7c56-4fb3-abd6-9be1cadebaf2","lblExtraLarge":"a8af934f-1e19-4b3c-b817-24d44640508b","tglToggle":"18aef64b-6e44-4852-bc38-280b579bf459","drpDropdown":"55f1bff4-25b4-475f-95c7-f81f913cdc2b","Hidden Admin Screen":"9c85612e-edbb-40ab-9db9-11543bfbc3d8","tglAdmin_Context":"2ece7003-a9fd-4a3a-84d8-83dc4bc1a23d","tglAdmin_DarkMode":"9fa13d40-b1b4-407c-bcb3-d0f402f7d1a3","tglAdmin_ContrastMode":"6741bdc3-2590-46ee-9d1f-ff1eead925fc","tglAdmin_Mobile":"014c0894-bcdf-4716-aaa9-a04808257d2a","cmbAdmin_Localization":"1497b411-1bf1-49ce-8ae1-3c712f181faf","btnAdmin_Localization":"35a5bde8-984c-4a22-bc01-13e906e9487b","lblAdmin_Notice":"c6627c2d-1d18-4b36-b43b-2a7dc3705e1a","Settings Screen":"762f93ce-09c6-4420-b2e2-d5f9f6a5ed63","conHeader_Settings":"ba98de4b-96d2-4b98-a49c-84c53677b7f7","lblSetttings":"ae9bed93-0e55-4742-9f15-bb25b0e065fd","shpHeaderDivider_Settings":"4005cb12-8e09-4b11-a6e5-095e591caf50","conSettings":"b951c1ff-6d9a-4df9-8eb1-061ca465c6fd","shpSettingsDivider":"3c69098c-2add-40cf-b5c3-0eb225883ef2","drpSettingsSelector":"874f188d-ebce-4876-974d-c69eabfde20c","btnMobileBackToSettingsHome":"d235485d-4ef2-475d-a11d-f66ff649ee77","icnMobileBackToSettingsHome":"af3428ec-d5ce-4d6c-a8e6-0d9ab19465c8","galExercises_Settings":"805b989c-6676-495f-adb6-6a7053edc0e0","galleryTemplate1_1":"0e6da84a-e658-4ccd-b6b8-ddfb5a0f5778","btnExerciseBackground_Settings":"ef754095-5538-4e85-9eb2-f94976ee4d76","btnExerciseForeground_Settings":"da30df24-4b34-43f0-8c1f-63fd459fd033","lblExerciseName_Settings":"8696a08a-c55a-43ff-92a2-53e5850823df","icnExerciseSelect_Settings":"3fc3f53a-ab2c-4e30-a6d1-06d55ea55692","shpExerciseDivider_Settings":"4de41c12-0022-46de-b2a6-198735e03215","galSchedules":"5afebb32-b4f2-4c10-8e0c-bc51d02acbff","galleryTemplate1_2":"deceeda3-eeb1-4b89-b43d-a8ab666ca1c1","btnScheduleBackground":"ce31ba21-9756-4464-aa65-d6a6f9d15dbc","btnScheduleForeground":"d05665f8-eb5e-460d-aedd-0bf4b4524e05","lblScheduleDayOfWeek":"b925ef1d-d758-458e-a2a4-d0f4cebe861f","icnScheduleSelect":"b86fb80e-5935-483f-b024-b0884bcd1b47","shpScheduleDivider":"657c9a78-ae70-490a-ac5f-945a970f1813","tglDarkMode_Settings":"3f522b32-b404-4f00-b9bd-59b0a955b4ac","conDetails_Settings":"22650986-a862-44ae-bf76-39190b6122d5","cnvDetails_Settings":"dbb1d1cd-ec48-421d-9965-6c734af875d4","dtcDetails_Settings":"d4c3f870-c502-4132-8aff-8518a9664710","lblSelectedDayOfWeek":"e5e84285-a150-4983-8e3c-ea7a5e666bc3","btnMobileBack_Settings":"5b2ce914-a243-457b-b71f-504e11039856","btnDesktopBack_Settings":"17fce72d-6824-42cc-8f7f-0c6fcc9aac71","btnCancel_Settings":"5ce931a9-92e8-40b7-ac7c-d9b339008475","btnSave_Settings":"0edecaba-7f4e-45ba-898a-da64558110c6","icnMobileBack_Settings":"c074925a-7df3-4931-a8f6-c0012134293b","icnDesktopBack_Settings":"72563565-20ca-418e-897f-8d33bb9c6a60","btnAddExercise":"e4b71424-605b-4ffd-b441-7318bf17cb54","btnNewExercise":"172b3c6b-7cde-4e1c-8bcd-9d177d4c8a2b","icnAddExercise":"2cab95ed-1e0d-4fa3-959a-933c3226cbfe","icnNewExercise":"2f257cdc-7011-409e-84e2-cf242143c8ce","galExercisesForSelectedSchedule":"aa114a6c-61d2-4d79-8ba3-d868e46dab17","galleryTemplate1_3":"026bd699-9219-499c-887d-0b5b868ab9d5","btnExerciseBackground":"45f5ed14-0719-4fc1-b263-45cf76846b79","btnExerciseForeground":"5218f1c8-7a6d-4844-9500-a7f3427ccb69","lblExerciseOrder":"dcb486cd-e099-4984-9505-340452c42f43","txtExerciseSequence":"eba9426c-41e9-49cf-b9a4-40ad2f5fc626","drpExercise":"3efd4885-838c-4fb9-9120-f957b678c5ba","icnDeleteExercise":"28a4df0a-0437-4b6f-9734-9fe0e863a2d2","shpExerciseDivider":"4b5e3b6c-492b-419e-8fc0-3d8c8e97f2d6","lblExerciseName":"a683d2f9-06fc-4853-bb91-a19280dafbdf","txtExerciseName":"61d9e99d-f832-409f-a61c-6ef4c218ee96","lblExerciseType":"09f16cd8-68dc-4d81-b209-889fefec1942","drpExerciseType":"bf1741db-56dd-4dde-9020-ad15d5186574","lblExerciseVideoURL":"281eaa08-5d65-4b91-b0f6-cd216db9690a","txtExerciseVideoURL":"7187ab9c-cb4f-4e59-9c49-8763a1f88fd3","vidExerciseVideo":"0da6c337-fb73-4ff6-acb3-ad2562d3d79a","Loading Screen":"96e98315-11ec-45f8-9801-44c047422e66","tmrNavigation":"c8c822b9-32b5-4035-be95-d4d02d67dd1b","imgAppName":"5d445205-4805-47be-806c-f8ac0c27a4e9","lblAppName":"5c768180-b16f-4a42-ab2a-50c93b8df386","prgAppLoading":"d8ea5f9f-2433-4b44-a23d-a3568fbdf852","Weight Log Screen":"ae449ab0-f9a6-4a65-b641-5f84808d0312","conHeader_WeightLog":"1a4ab019-c515-4f24-ad20-e337edb064d9","lblWeightLog":"802e5cb4-5139-4cbb-a113-c439081117ea","shpWeightChart":"b6f4813e-2cbb-410e-a59e-2e3fc47c0460","shpSettings_WeightLog":"fe50e38b-4fdf-4765-9c45-148bf036e736","shpHeaderDivider_WeightLog":"054e5985-b7cf-4d47-bbe5-f7863ba8e6b7","conWeightLog":"f6c4c8a7-cfe2-45bb-b273-23709adb3273","cnvWeightLog":"a7013c38-c980-4cda-b5db-08fa83e275fa","dtcWeightLog":"12d1485b-eb05-463a-97ec-c0229245a691","datWeightLogDate":"fc75cbad-ed05-4499-94a8-12d44777fb48","btnMobileBackToExercises_WeightLog":"c5e5ce93-2218-4627-931d-9fbe9bc8efb9","btnDesktopBackToExercises_WeightLog":"caa0cd6d-525d-4a7f-9fbf-d63f1d6f0416","btnCancel_WeightLog":"2f3a9374-7b86-4267-b50d-750682b5b749","btnSave_WeightLog":"0cfb0759-251a-41b1-a645-3287131c9c68","icnDesktopBackToExercises_WeightLog":"decb5ad2-12cf-405e-8a94-ccde1936cc18","icnMobileBackToExercises_WeightLog":"dff2f6e6-b367-4b7c-b9bf-38fc84d49b0d","lblWeighingMachine_WeightLog":"6ae8d133-a794-4580-85b4-f96dcfb90d4d","imgWeightLog":"2059e85b-6a17-49e3-9d70-e35996e202b3","addImageWeightLog":"3c8cf15e-41af-4aa7-8357-94eda27dd8d1","drpWeighingMachine_WeightLog":"09beb58f-824f-44b1-9898-956f7b254c75","lblTimeOfMeasurement_WeightLog":"200659b8-6e21-45e1-bcb9-3b8db797ac72","drpTimeOfMeasurement_WeightLog":"42d9ef5a-3a84-43f4-91ea-9102f5d468fd","lblWeight_WeightLog":"66da51de-2e8d-40b4-a4e4-e78df69ea470","txtWeight_WeightLog":"88c62167-b6ce-4745-9727-c97e48ec770f","lblNotes_WeightLog":"4b0e01dc-9925-4ef6-a292-314feeec708d","txtNotes_WeightLog":"36d52ecc-80a5-469f-86f8-fadae90310df","Weight Chart Screen":"d6645a33-8a31-4345-976a-136b4d9680f6","conHeader_WeightLogChart":"fa71f6af-998d-4db4-a99b-15821f21c7fa","lblWeightLogChart":"15231cf0-0cfc-4943-a1f4-c32b9110829c","shpSettings_WeightLogChart":"7a9637d6-4f51-4e87-9ba4-17334ea85bb1","shpHeaderDivider_WeightLogChart":"e4cfa75c-e39b-4554-be6b-f7ae3a4314c3","lblWeightLogValue_Helper":"76140f48-d8ed-4280-b95b-680d39324298","conWeightLogChart":"542a01d5-0be8-451b-a2d2-6f225e77dd4a","cnv_WeightLogChart":"d1fa5181-4197-488c-8342-fade334efa33","dtc_WeightLogChart":"b0599d80-cf39-45ab-8001-1857f5e7aedb","lblWeightLogDateRange":"60c20674-85f2-4d01-b0e8-6023735a2172","btnDesktopBackToWeightLog":"868d04be-d97f-4f96-a557-a5b8edd1019d","icnDesktopBackToWeightLog":"33bc0770-5873-4435-9ad9-7c87c6321146","btnMobileBackToWeightLog":"6b8a3cdb-8ec9-4242-9ea1-f10fde0910f3","icnMobileBackToWeightLog":"9eedfc84-e80a-4989-b517-65d636116757","drpWeightLogDateRange":"b3f00ea1-3cb0-468a-bcf9-270a9f40ec0d","cht_WeightLogChart":"4256cba8-c0b2-4018-9659-c7c19be3dcd4","lblBottomPadingHelpder":"dfd52462-2139-46cc-b090-df37535bbbd4"}